,Title,Job Type,Company Name,Company Industry,Company City,Company Country,Salary Avg,Salary Min,Salary Max,Experience,Min Experience,Max Experience,Skills,Published
0,Data Analyst - Kompas.id,Full-time,Kompas Gramedia,News,Jakarta,Indonesia,14000000,10000000,18000000,1-4,1,4,"['MySQL', 'Web Services', 'Data Visualization', 'Python', 'Statistical Analysis']",2022-01-18 09:11:38
1,Data Engineer - Kompas.id,Full-time,Kompas Gramedia,News,Jakarta,Indonesia,14000000,10000000,18000000,1-4,1,4,"['MySQL', 'Data Warehouse', 'Python', 'Data Management', 'Business Intelligence']",2022-01-18 09:06:44
2,Data Engineer,Full-time,Cicil,"Lending, loans, and credit",Jakarta,Indonesia,0,0,0,1-4,1,4,"['Python', 'SQL', 'R']",2022-01-17 06:37:14
3,Database Engineer (DBA),Full-time,TIXid,Digital Entertainment,Jakarta,Indonesia,8,1,15,1-4,1,4,"['Databases', 'DevOps', 'Engineering']",2022-01-17 02:46:41
4,Data Scientist,Full-time,PT WHIM Management Indonesia (Evos E-sports),Entertainment Industry,Jakarta,Indonesia,0,0,0,1-4,1,4,"['Data Science', 'Data Management', 'Data Analysis']",2022-01-15 08:11:48
5,Data Governance,Full-time,PT. Rekruter Digital Indonesia,Human Resource,Jakarta,Indonesia,17500000,10000000,25000000,4-7,4,7,"['Java', 'Python', 'Data Science', 'Data Management', 'Big Data', 'Financial Analysis', 'Tableau', 'Data Analysis']",2022-01-14 04:19:05
6,Data Engineer,Full-time,PT. Rekruter Digital Indonesia,Human Resource,Jakarta,Indonesia,17500000,10000000,25000000,1-4,1,4,"['Corporate Finance', 'Java', 'Python', 'Data Science', 'Data Management', 'Big Data', 'Tableau']",2022-01-14 04:09:26
7,Database Administrator,Full-time,PT. Softorb Technology Indonesia,IT & Cybersecurity,Jakarta,Indonesia,7500000,5000000,10000000,1-4,1,4,"['MySQL', 'Git', 'SQL Server', 'PostgreSQL']",2022-01-14 03:34:15
8,Data Analyst (Mid),Full-time,Bobobox Indonesia,Hotels & Accomodation,"Bandung, Java",Indonesia,0,0,0,1-4,1,4,"['Databases', 'Big Data', 'Data Analysis']",2022-01-13 09:57:44
9,Database Engineer,Full-time,PT Xapiens Teknologi Indonesia,IT & Cybersecurity,Tangerang,Indonesia,0,0,0,1-4,1,4,"['Databases', 'Data Warehouse', 'SQL Server', 'Oracle', 'PostgreSQL', 'Cloud Computing']",2022-01-12 14:16:27
10,Data Science Lecturer (JKT),Full-time,Purwadhika Digital Technology School,Education Tech,Jakarta,Indonesia,0,0,0,1-4,1,4,"['Python', 'Data Science', 'Machine Learning']",2022-01-12 09:15:56
11,Data Science Lecturer (BSD),Full-time,Purwadhika Digital Technology School,Education Tech,Tangerang,Indonesia,0,0,0,1-4,1,4,"['Python', 'Data Science', 'Machine Learning']",2022-01-12 09:13:45
12,Data Scientist,Full-time,Aplikasi Super,Ecommerce logistics,Surabaya,Indonesia,6500000,5000000,8000000,1-4,1,4,"['Data Science', 'Data Management', 'Data Analysis']",2022-01-11 17:20:55
13,Data Analyst,Full-time,Cicil,"Lending, loans, and credit",Jakarta,Indonesia,0,0,0,1-4,1,4,"['Python', 'SQL', 'R']",2022-01-11 07:34:44
14,Data Analyst Intern,Internship,Indopasifik Teknologi Medika Indonesia,Healthcare Services,Jakarta,Indonesia,2150000,2000000,2300000,0-1,0,1,"['MySQL', 'Databases', 'Data Entry', 'SQL Server', 'Python', 'Data Science', 'Big Data', 'Microsoft Excel', 'Data Analysis', 'Data Mining']",2022-01-11 03:22:57
15,Data Engineer,Full-time,Aruna,Retail (food),Jakarta,Indonesia,0,0,0,1-4,1,4,"['Data Science', 'Big Data', 'Data Analysis']",2022-01-10 12:57:13
16,Data Analyst,Full-time,Aruna,Retail (food),Jakarta,Indonesia,0,0,0,1-4,1,4,"['Analytics', 'Data Science', 'Data Analysis']",2022-01-10 12:56:54
17,Data Privacy (IT) Manager ,Full-time,Halodoc ID,Health & Wellness,Jakarta,Indonesia,0,0,0,7-10,7,10,"['Information Security', 'Security', 'Cyber Security']",2022-01-09 13:14:39
18,Data Engineer,Contract,PT Koltiva,Agriculture Tech,Jakarta,Indonesia,0,0,0,4-7,4,7,"['Amazon Web Services (AWS)', 'Data Visualization', 'Java', 'Python', 'SQL']",2022-01-09 10:37:32
19,Data Scientist,Full-time,Hypefast,Ecommerce aggregators,Jakarta,Indonesia,0,0,0,1-4,1,4,"['Data Science', 'Machine Learning', 'Analytical Skills', 'Data Analysis', 'Cloud Computing']",2022-01-07 08:47:48
20,Data Lead,Full-time,CrediBook,Financial accounting and admin,Jakarta,Indonesia,0,0,0,4-7,4,7,"['Data Science', 'SQL', 'Data Management', 'Data Analysis']",2022-01-07 03:14:35
21,Database Engineer,Full-time,PT Nusa Satu Inti Arta,Payments and remittance,Jakarta,Indonesia,10500000,6000000,15000000,1-4,1,4,"['Java', 'SQL', 'Software Engineering', 'Linux', 'PostgreSQL', 'Software Development', 'Scrum']",2022-01-06 16:45:52
22,Data Intelligence (Senior),Full-time,SIRCLO,Ecommerce seller tools and services,Tangerang,Indonesia,0,0,0,1-4,1,4,"['MySQL', 'SQL Server', 'Python', 'Big Data', 'PostgreSQL', 'Google Analytics', 'Tableau']",2022-01-05 08:24:29
23,Data Analyst (Placement : Batu Kajang),Full-time,PT Xapiens Teknologi Indonesia,IT & Cybersecurity,Indonesia Bulk Terminal,Indonesia,0,0,0,1-4,1,4,"['Data Visualization', 'Python', 'R', 'Tableau', 'Data Analysis']",2022-01-05 07:20:29
24,Data Analyst - Medisend,Full-time,Halodoc ID,Health & Wellness,Jakarta,Indonesia,9000000,6000000,12000000,1-4,1,4,"['MySQL', 'Python', 'English Language']",2022-01-04 08:01:21
25,Database Engineer,Contract,Pasifik Satelit Nusantara,Telecommunications,Jakarta,Indonesia,6000000,5500000,6500000,1-4,1,4,"['Databases', 'SQL', 'NoSQL']",2022-01-03 09:44:43
26,Data Engineer,Contract,Pasifik Satelit Nusantara,Telecommunications,Jakarta,Indonesia,6000000,5500000,6500000,1-4,1,4,"['PHP', 'Python', 'SQL', 'NoSQL']",2022-01-03 09:05:49
27,Data Specialist for Accounting,Full-time,KoinWorks,"Lending, loans, and credit",Jakarta,Indonesia,0,0,0,1-4,1,4,"['Accounting', 'Data Science', 'SQL', 'Tableau', 'Data Analysis']",2022-01-03 08:01:01
28,Data Analyst,Full-time,Bibit,Investment tools and platforms,Jakarta,Indonesia,0,0,0,1-4,1,4,"['MySQL', 'Data Visualization', 'Python', 'Business Analysis', 'Big Data', 'Business Development', 'Communication Skills', 'Data Analysis']",2021-12-27 12:52:45
29,Data Analyst,Full-time,RateS,Ecommerce seller tools and services,Jakarta,Indonesia,18500000,12000000,25000000,4-7,4,7,"['Relational Databases', 'Data Visualization', 'Data Science', 'Data Management', 'Data Analysis', 'Data Mining']",2021-12-25 02:02:56
30,Data Analyst,Full-time,mClinica,Healthcare Services,Jakarta,Indonesia,11500000,9000000,14000000,1-4,1,4,"['MySQL', 'Python', 'Microsoft Excel']",2021-12-23 08:50:08
31,Data Engineer,Full-time,Hypefast,Ecommerce aggregators,Jakarta,Indonesia,0,0,0,4-7,4,7,"['Scala', 'Java', 'Luigi', 'Cassandra', 'Python', 'NoSQL', 'Hadoop', 'Airflow', 'Apache']",2021-12-23 03:57:18
32,Data Science Expert,Contract,Genius Education,Education Tech,Jakarta,Indonesia,17500000,15000000,20000000,4-7,4,7,"['Javascript', 'PHP', 'HTML5 & CSS3', 'Python']",2021-12-22 10:40:55
33,Data Engineer,Full-time,PT Generasi Teknologi Buana,Tech Learning,Jakarta,Indonesia,0,0,0,4-7,4,7,"['Databases', 'Javascript', 'Scala', 'Python', 'Data Science', 'Javascript Frameworks', 'Big Data', 'Maven', 'Spark']",2021-12-22 03:44:55
34,Data Manager,Full-time,Ajaib,Investment tools and platforms,Jakarta,Indonesia,0,0,0,4-7,4,7,"['Git', 'Data Visualization', 'Analytics', 'Analytics & Reporting', 'Data Science', 'SQL', 'Data Management', 'Big Data', 'A/B Testing', 'Google Analytics', 'Analytical Skills', 'Tableau', 'Data Analysis']",2021-12-20 06:27:32
35,Data Administration Officer,Full-time,PT Koltiva,Agriculture Tech,Makassar,Indonesia,0,0,0,1-4,1,4,"['Analytics & Reporting', 'Microsoft Excel', 'Data Analysis']",2021-12-19 22:00:50
36,Data Analyst,Full-time,PT Xapiens Teknologi Indonesia,IT & Cybersecurity,Tangerang,Indonesia,0,0,0,4-7,4,7,"['SAP', 'SQL Server', 'jQuery', 'SQL', 'PostgreSQL', 'Microsoft Excel', 'Business Intelligence', 'Tableau']",2021-12-17 03:59:06
37,Data Associate,Full-time,Aruna,Retail (food),Jakarta,Indonesia,0,0,0,1-4,1,4,"['SQL', 'Data Management', 'Data Analysis']",2021-12-16 09:06:02
38,Data Analyst,Full-time,KoinWorks,"Lending, loans, and credit",Jakarta,Indonesia,0,0,0,1-4,1,4,"['Data Warehouse', 'Data Visualization', 'Data Science', 'Data Management', 'Data Analysis']",2021-12-15 10:28:12
39,Database Administrator,Full-time,Bina Nusantara Group,Education Tech,Jakarta,Indonesia,0,0,0,4-7,4,7,"['MySQL', 'Databases', 'Technology', 'PHP', 'Programming', 'SQL', 'SDLC']",2021-12-15 07:06:27
40,Data Analyst,Full-time,Bina Nusantara Group,Education Tech,Jakarta,Indonesia,0,0,0,1-4,1,4,"['Microsoft Office', 'Data Management', 'Communication Skills', 'Data Analysis']",2021-12-15 06:58:32
41,Data Scientist - Human Capital Information System,Full-time,Bina Nusantara Group,Education Tech,Jakarta,Indonesia,0,0,0,1-4,1,4,"['DBMS', 'Web Services', 'Human Resources']",2021-12-10 12:36:53
42,Data Analytics Officer ,Full-time,Bina Nusantara Group,Education Tech,Jakarta,Indonesia,0,0,0,1-4,1,4,"['Data Science', 'Data Management', 'Data Analysis']",2021-12-10 12:33:46
43,Data Scientist,Full-time,kumparan.com,News,Jakarta,Indonesia,0,0,0,1-4,1,4,"['Python', 'SQL', 'Machine Learning']",2021-12-10 10:39:41
44,Data Engineer Intern (Remote),Internship,Flip,Payments and remittance,Jakarta,Indonesia,0,0,0,0-1,0,1,"['Databases', 'Data Warehouse', 'Programming', 'SQL']",2021-12-10 10:19:00
45,Data Analyst,Full-time,PT Wahana Semesta Ilmu,Lifestyle Businesses,Jakarta,Indonesia,10000000,8000000,12000000,0-1,0,1,"['Python', 'Microsoft Excel', 'Data Analysis']",2021-12-10 08:02:35
46,Data Engineer,Full-time,SIRCLO,Ecommerce seller tools and services,Tangerang,Indonesia,0,0,0,1-4,1,4,"['MySQL', 'Databases', 'Data Warehouse', 'Python', 'NoSQL', 'Big Data', 'Hadoop', 'Unix']",2021-12-10 02:10:04
47,Data Engineer,Full-time,CrediBook,Financial accounting and admin,Jakarta,Indonesia,0,0,0,1-4,1,4,"['Data Warehouse', 'Data Science', 'Data Mining']",2021-12-09 09:42:32
48,Data Privacy Manager (Legal),Full-time,Halodoc ID,Health & Wellness,Jakarta,Indonesia,0,0,0,0-1,0,1,"['Data Management', 'Legal', 'Data Analysis']",2021-12-09 06:37:31
49,Data Analyst (Treasury Department),Full-time,Tokocrypto,Financial exchanges,Jakarta,Indonesia,10500000,8000000,13000000,1-4,1,4,"['MySQL', 'Python', 'Tableau']",2021-12-08 09:12:31
50,Data Analyst,Full-time,CrediBook,Financial accounting and admin,Jakarta,Indonesia,0,0,0,1-4,1,4,"['Data Warehouse', 'Data Visualization', 'Data Analysis']",2021-12-06 08:43:14
51,Data Scientist,Full-time,PT Khazanah Prima Sukses,Enterprise Application,Indonesia Bulk Terminal,Indonesia,12500000,10000000,15000000,1-4,1,4,"['Natural Language Processing (NLP)', 'SQL', 'Machine Learning', 'Big Data']",2021-12-03 04:51:18
52,Data Support,Full-time,Chilibeli,Marketplaces (food),"Bandung, Java",Indonesia,5000000,4000000,6000000,1-4,1,4,"['Attention to Detail', 'Communication Skills', 'Data Analysis']",2021-11-30 04:51:00
53,Data Engineer,Full-time,Pasifik Satelit Nusantara,Telecommunications,Jakarta,Indonesia,7500000,5000000,10000000,0-1,0,1,"['MySQL', 'SQL Server', 'Python', 'Oracle']",2021-11-29 03:13:14
54,Data Operations Executive,Full-time,SIRCLO,Ecommerce seller tools and services,Tangerang,Indonesia,0,0,0,0-1,0,1,"['Analytics & Reporting', 'Microsoft Excel', 'Financial Analysis', 'Data Analysis']",2021-11-26 14:44:08
55,Data Engineer (ETL),Full-time,PT. Informasi Teknologi Indonesia,Service Providers,Indonesia Bulk Terminal,Indonesia,9000000,7000000,11000000,1-4,1,4,"['Data Warehouse', 'SQL Server', 'Python', 'Big Data', 'Data Analysis']",2021-11-26 08:50:11
56,Data Analyst,Full-time,Zuzu Hospitality Solutions,SaaS,Jakarta,Indonesia,7000000,6000000,8000000,1-4,1,4,"['Python', 'SQL', 'Tableau']",2021-11-24 11:37:32
57,Data Analyst,Full-time,Tokocrypto,Financial exchanges,Jakarta,Indonesia,10500000,8000000,13000000,1-4,1,4,"['MySQL', 'Communication Skills', 'Tableau']",2021-11-24 05:02:34
58,Data - Business Intelligence,Full-time,Halodoc ID,Health & Wellness,Jakarta,Indonesia,14500000,9000000,20000000,1-4,1,4,"['Statistics', 'Data Science', 'Software', 'Business Intelligence', 'Statistical Analysis']",2021-11-23 04:41:09
59,Database Administrator,Full-time,PT Generasi Teknologi Buana,Tech Learning,Jakarta,Indonesia,0,0,0,4-7,4,7,"['MySQL', 'Databases', 'Data Warehouse', 'Big Data', 'Data Analysis']",2021-11-22 04:26:08
60,Data Science Trainee,Full-time,Algoritma,Data Science,Jakarta,Indonesia,6500000,5000000,8000000,1-4,1,4,"['Technology', 'Programming', 'Python', 'Analytics & Reporting', 'Data Science', 'R']",2022-01-13 05:09:32
61,Data Scientist (English CV only),Full-time,Data Arts Xperience   ,Advertising Platforms,Jakarta,Indonesia,22500000,5000000,40000000,1-4,1,4,"['Data Science', 'Digital Marketing', 'Data Analysis']",2022-01-10 11:57:35
62,Data Engineer,Contract,InterconnectDATA,Big Data,"Bandung, Java",Indonesia,6000000,4500000,7500000,1-4,1,4,"['Data Warehouse', 'Scala', 'Python', 'R', 'Machine Learning', 'Hadoop', 'Business Intelligence', 'Tableau']",2021-12-14 08:04:48
63,Senior Data Engineer,Full-time,Bobobox Indonesia,Hotels & Accomodation,"Bandung, Java",Indonesia,0,0,0,4-7,4,7,"['Luigi', 'Cassandra', 'SQL', 'Hadoop', 'PostgreSQL', 'Airflow', 'Spark', 'MongoDB']",2022-01-13 09:37:15
64,Senior Data Analyst,Full-time,Bina Nusantara Group,Education Tech,Jakarta,Indonesia,0,0,0,1-4,1,4,"['Databases', 'Technology', 'SQL']",2022-01-12 09:55:07
65,Senior Database Administrator,Full-time,Bina Nusantara Group,Education Tech,Jakarta,Indonesia,0,0,0,1-4,1,4,"['Attention to Detail', 'Technology', 'Relational Databases', 'SQL', 'XML', 'Security', 'RDBMS']",2022-01-10 04:45:23
66,Senior Data Engineer,Full-time,Bina Nusantara Group,Education Tech,Jakarta,Indonesia,0,0,0,1-4,1,4,"['Databases', 'Technology', 'SQL', 'Software']",2022-01-07 11:44:47
67,Senior Data Scientist - Analytics,Full-time,Ajaib,Investment tools and platforms,Jakarta,Indonesia,0,0,0,1-4,1,4,"['Data Warehouse', 'Analytics', 'Data Science', 'Data Analysis']",2021-12-20 06:29:24
68,Product Data Analyst,Full-time,Glints,Social Recruiting,Jakarta,Indonesia,0,0,0,0-1,0,1,"['MySQL', 'Tableau', 'Data Analysis']",2021-12-08 03:33:23
69,Business Data Analyst,Full-time,PT Five Jack (Itemku),Marketplaces (miscellaneous niche),Indonesia Bulk Terminal,Indonesia,8000000,7000000,9000000,0-1,0,1,"['Databases', 'Relational Databases', 'Python', 'SQL', 'Microsoft Excel', 'Tableau']",2021-12-02 10:14:48
70,Senior Data Engineer,Full-time,Rukita,Marketplaces (Property),Jakarta,Indonesia,22500000,20000000,25000000,4-7,4,7,"['Java', 'Python', 'R', 'Big Data', 'Data Mining']",2021-11-23 05:03:17
71,Sr. Data Scientist,Full-time,KoinWorks,"Lending, loans, and credit",Jakarta,Indonesia,0,0,0,1-4,1,4,"['Python', 'Data Science', 'R', 'Machine Learning', 'Big Data', 'Clustering']",2021-11-21 14:39:29
72,Senior Data Analyst - Calling System and Leads Services,Full-time,LifePal,Insurance tech,Jakarta,Indonesia,18500000,12000000,25000000,1-4,1,4,"['Microsoft PowerPoint', 'MySQL', 'Data Warehouse', 'DBMS', 'Relational Databases', 'DevOps', 'Data Visualization', 'Web Analytics', 'Analytics', 'Python', 'Analytics & Reporting', 'Data Science', 'Business Analysis', 'Data Management', 'Microsoft Excel', 'CRM', 'A/B Testing', 'Google Analytics', 'Statistical Analysis', 'Data Analysis', 'Team Leadership', 'Agile Project Management', 'Design Thinking', 'Data Mining']",2022-01-03 06:04:24
73,Senior Data Analyst,Full-time,SehatQ,Health & Wellness,Jakarta,Indonesia,16500000,10000000,23000000,1-4,1,4,"['Microsoft Excel', 'Google Analytics', 'Business Intelligence', 'Tableau']",2021-12-28 05:00:09
74,Head of Data,Full-time,Aplikasi Super,Ecommerce logistics,Indonesia Bulk Terminal,Indonesia,22500000,15000000,30000000,4-7,4,7,"['Data Warehouse', 'Data Visualization', 'Data Science', 'Data Management', 'Big Data', 'Data Analysis']",2021-12-23 10:29:31
75,Head of Data,Full-time,PT Koltiva,Agriculture Tech,Jakarta,Indonesia,0,0,0,4-7,4,7,"['Databases', 'Automation', 'Data Warehouse', 'Agile', 'Relational Databases', 'Data Science', 'Data Management', 'Leadership', 'Scrum', 'Data Analysis', 'English Language', 'Team Leadership']",2021-12-18 02:46:44
76,Head of Data ,Full-time,Sampingan,Social Recruiting,Jakarta,Indonesia,0,0,0,4-7,4,7,"['Data Science', 'Big Data', 'Data Analysis']",2021-12-01 09:11:35
77,Sales Specialist- Data Centre,Full-time,SabiKerja,Human Resource,Jakarta,Indonesia,22500000,20000000,25000000,1-4,1,4,"['Engineering', 'Big Data', 'Negotiation', 'Sales & Marketing']",2021-12-10 11:59:17
78,Farm to Table Data Officer,Full-time,PT Koltiva,Agriculture Tech,Jakarta,Indonesia,0,0,0,1-4,1,4,"['MySQL', 'SAS', 'SPSS', 'Microsoft Excel']",2021-11-29 02:00:33
79,Producer and SME Data Officer,Full-time,PT Koltiva,Agriculture Tech,Jakarta,Indonesia,0,0,0,1-4,1,4,"['MySQL', 'SAS', 'SPSS', 'Microsoft Excel', 'Google Analytics']",2021-11-29 01:40:38
80,Fresh Graduate Business Data Technical Analyst,Full-time,Deliveree Indonesia,Logistics,Jakarta,Indonesia,5625000,5250000,6000000,0-1,0,1,"['Databases', 'Relational Databases', 'Data Visualization', 'Analytics', 'Analytics & Reporting', 'Business Analysis', 'Data Management', 'Business Intelligence', 'Data Analysis', 'Data Mining']",2021-11-26 06:39:05
81,Backend Developer (Golang),Full-time,DataOn Corp,Software,Tangerang,Indonesia,11000000,7000000,15000000,1-4,1,4,"['Golang', 'SQL', 'APIs']",2022-01-12 04:40:16
82,Senior Fullstack Developer (Angular & .NET Core),Full-time,DataOn Corp,Software,Jakarta,Indonesia,25000000,15000000,35000000,4-7,4,7,"['SQL Server', '.NET', 'Angular']",2022-01-12 04:39:53
83,Senior Frontend Developer (React JS),Full-time,DataOn Corp,Software,Tangerang,Indonesia,10500000,6000000,15000000,1-4,1,4,"['React.js', 'Javascript', 'Javascript Frameworks']",2022-01-12 04:39:22
84,HR Business Analyst,Full-time,DataOn Corp,Software,Indonesia Bulk Terminal,Indonesia,11500000,8000000,15000000,4-7,4,7,"['Human Resources', 'Business Analysis', 'Analytical Skills']",2021-12-16 06:47:14
85,Senior Software Quality Assurance (QA) Engineer,Full-time,DataOn Corp,Software,Indonesia Bulk Terminal,Indonesia,15000000,10000000,20000000,4-7,4,7,"['Jenkins', 'Selenium', 'APIs']",2021-12-07 10:19:47
86,Implementation Consultant,Full-time,DataOn Corp,Software,Indonesia Bulk Terminal,Indonesia,6500000,5000000,8000000,0-1,0,1,"['MySQL', 'Javascript', 'PHP', 'Java']",2021-12-02 03:46:39
87,Software Account Manager,Full-time,DataOn Corp,Software,Tangerang,Indonesia,8000000,6000000,10000000,1-4,1,4,"['Sales', 'Enterprise Software', 'SaaS']",2021-12-02 03:41:27
88,Head of Marketing,Full-time,DataOn Corp,Software,Tangerang,Indonesia,20000000,15000000,25000000,4-7,4,7,"['Marketing Strategy', 'SEO/SEM', 'Email Marketing', 'Social Media Marketing', 'Content Marketing', 'Digital Marketing', 'Copywriting & Editing', 'Marketing Management', 'Marketing Communications']",2021-11-30 06:54:36
89,Junior Client Solutions,Full-time,IlmuOne Data,IT & Cybersecurity,Jakarta,Indonesia,7500000,5000000,10000000,1-4,1,4,"['Javascript', 'Analytics & Reporting', 'Microsoft Excel', 'Customer Development', 'Google Analytics']",2021-12-15 08:07:49
90,System Analyst,Contract,PT Oktagon Global Utama,Web Development,Tangerang,Indonesia,10000000,8000000,12000000,1-4,1,4,"['Databases', 'Analytics', 'Analytical Skills']",2022-01-17 11:15:46
91,Business Intelligence Analyst,Full-time,Ruangguru.com,Education Tech,Jakarta,Indonesia,0,0,0,1-4,1,4,"['MySQL', 'Data Warehouse', 'Data Visualization', 'SQL', 'Business Intelligence', 'Data Analysis']",2022-01-17 02:41:16
92,Machine Learning Engineer,Full-time,Ruangguru.com,Education Tech,Indonesia Bulk Terminal,Indonesia,0,0,0,1-4,1,4,"['Automation', 'Python', 'Data Science', 'Natural Language Processing (NLP)', 'Machine Learning']",2022-01-17 02:38:42
93,Quantitative Research Senior Executive,Full-time,Populix,Market Research,Jakarta,Indonesia,0,0,0,1-4,1,4,"['Market Research & Analysis', 'Business Analysis', 'Research', 'Market Research']",2022-01-14 08:13:56
94,Business Analyst,Full-time,PT Barito Integra Teknologi,Software,Jakarta,Indonesia,0,0,0,1-4,1,4,"['SQL Server', 'Business Analysis', 'SQL', 'Business Development', 'PostgreSQL', 'New Business Development', 'Microsoft Excel', 'Business Plan', 'Business Planning', 'Business Strategy', 'Business Intelligence']",2022-01-14 04:55:09
95,Senior Business Intelligence (Urgently Needed),Full-time,Somethinc - Beautyhaul,Marketplaces,Jakarta,Indonesia,0,0,0,4-7,4,7,"['Data Warehouse', 'Data Visualization', 'Data Management', 'Big Data', 'Data Analysis']",2022-01-14 02:35:59
96,Market Research,Full-time,Somethinc - Beautyhaul,Marketplaces,Jakarta,Indonesia,0,0,0,1-4,1,4,"['Statistics', 'Market Research & Analysis', 'Market Research', 'Data Analysis']",2022-01-13 10:08:01
97,Product Analyst,Full-time,KoinWorks,"Lending, loans, and credit",Jakarta,Indonesia,0,0,0,1-4,1,4,"['MySQL', 'Python', 'Business Analysis', 'SQL', 'Google Analytics', 'Tableau']",2022-01-13 07:42:19
98,Market Research Assistant Manager,Full-time,PT Erajaya Swasembada Tbk.,Retail (general),Jakarta,Indonesia,12000000,10000000,14000000,4-7,4,7,"['Sales Strategy & Management', 'Business Development', 'Marketing', 'Sales & Marketing']",2022-01-11 03:28:30
99,Senior Business Analyst,Full-time,Bintango,Social Media Platforms,Jakarta,Indonesia,22500000,20000000,25000000,4-7,4,7,"['SQL', 'Google Analytics', 'Data Analysis']",2022-01-10 11:56:24
100,Seller Management Staff,Full-time,PT Five Jack (Itemku),Marketplaces (miscellaneous niche),Jakarta,Indonesia,7000000,6000000,8000000,1-4,1,4,"['Business Analysis', 'Product Management', 'Communication Skills']",2022-01-10 10:01:48
101,Business Intelligence,Full-time,GGL Life,Health & Wellness,Surabaya,Indonesia,0,0,0,1-4,1,4,"['Data Visualization', 'SQL', 'Business Intelligence', 'Tableau']",2022-01-07 06:19:30
102,SEO Specialist,Full-time,GGL Life,Health & Wellness,Surabaya,Indonesia,0,0,0,1-4,1,4,"['SEO/SEM', 'Google Analytics', 'WordPress', 'CMS']",2022-01-07 06:15:27
103,Business Intelligence Analyst Manager,Full-time,Andalin,Logistics,Jakarta,Indonesia,13500000,12000000,15000000,1-4,1,4,"['Python', 'Forecasting', 'Business Analysis', 'SQL', 'Google Analytics', 'Analytical Skills', 'Tableau', 'Data Analysis']",2022-01-07 03:49:42
104,Informatica Trainer,Full-time,Indocyber Global Teknologi,IT & Cybersecurity,Indonesia Bulk Terminal,Indonesia,0,0,0,4-7,4,7,"['Databases', 'Data Management', 'Big Data', 'Data Analysis']",2022-01-06 10:07:59
105,Talend Trainer,Full-time,Indocyber Global Teknologi,IT & Cybersecurity,Indonesia Bulk Terminal,Indonesia,0,0,0,4-7,4,7,"['Business Intelligence', 'Information Technology', 'Data Analysis']",2022-01-05 09:21:22
106,Business Intelligence,Full-time,Hypefast,Ecommerce aggregators,Jakarta,Indonesia,9500000,9000000,10000000,1-4,1,4,"['SQL', 'Google Analytics', 'Tableau']",2022-01-05 07:39:09
107,Policy and Quality Assurance - Amar Bank's Product,Full-time,Tunaiku,"Lending, loans, and credit",Jakarta,Indonesia,0,0,0,1-4,1,4,"['Analytics', 'Analytics & Reporting', 'Risk Analysis', 'Analytical Skills', 'Data Analysis']",2022-01-04 11:09:09
108,Business Intelligence Analyst,Full-time,Hypefast,Ecommerce aggregators,Jakarta,Indonesia,0,0,0,1-4,1,4,"['Data Visualization', 'SQL Server', 'SQL', 'Tableau', 'Data Analysis']",2022-01-04 09:15:33
109,Business Analytics,Full-time,99.co,Marketplaces (Property),Jakarta,Indonesia,0,0,0,1-4,1,4,"['SQL', 'Google Analytics', 'Data Analysis']",2022-01-04 09:15:01
110,BI Engineer,Full-time,PT Koltiva,Agriculture Tech,Jakarta,Indonesia,0,0,0,1-4,1,4,"['MySQL', 'SAS', 'SPSS', 'Engineering', 'PostgreSQL', 'Microsoft Excel', 'Google Analytics', 'Business Intelligence', 'Data Analysis']",2022-01-04 08:20:06
111,Reporting and Performance Analytic Specialist,Full-time,Halodoc ID,Health & Wellness,Setiabudi,Indonesia,9500000,7000000,12000000,1-4,1,4,"['MySQL', 'Databases', 'Data Warehouse', 'SAS', 'Data Visualization', 'SPSS', 'Data Analysis', 'Data Mining']",2022-01-02 15:13:53
112,CX Tools & Analytics ,Full-time,Mekari (PT. Mid Solusi Nusantara),Enterprise Software,Jakarta,Indonesia,6500000,5000000,8000000,1-4,1,4,"['Analytics', 'Analytics & Reporting', 'Metrics', 'Analytical Skills']",2021-12-21 03:13:52
113,Senior Business Analyst - BINUS Digital,Full-time,Bina Nusantara Group,Education Tech,Jakarta,Indonesia,0,0,0,4-7,4,7,"['Technology', 'Market Research & Analysis', 'Microsoft Office', 'Business Planning', 'Business Strategy', 'Communication Skills', 'Information Technology']",2021-12-20 01:53:25
114,Business Analyst - BINUS Digital,Full-time,Bina Nusantara Group,Education Tech,Jakarta,Indonesia,0,0,0,4-7,4,7,"['Technology', 'Programming', 'Communication Skills']",2021-12-15 05:31:03
115,Senior Business Intelligence Analyst,Full-time,Mekari (PT. Mid Solusi Nusantara),Enterprise Software,Jakarta,Indonesia,0,0,0,1-4,1,4,"['Big Data', 'Business Intelligence', 'Data Analysis']",2021-12-14 10:34:42
116,Business Intelligence ,Full-time,Halodoc ID,Health & Wellness,Jakarta,Indonesia,13000000,8000000,18000000,4-7,4,7,"['SQL', 'Big Data', 'Data Analysis']",2021-12-14 07:30:56
117,Policy and Quality Assurance Banking (Amar Bank's Product),Full-time,Tunaiku,"Lending, loans, and credit",Jakarta,Indonesia,0,0,0,1-4,1,4,"['Risk Management', 'Analytics', 'Analytics & Reporting', 'Business Analysis', 'Risk Analysis', 'Analytical Skills']",2021-12-14 06:13:48
118,DBA Engineer,Full-time,Indocyber Global Teknologi,IT & Cybersecurity,Jakarta,Indonesia,0,0,0,1-4,1,4,"['Microsoft SQL Server', 'SQL Server', 'Big Data', 'PostgreSQL', 'Business Intelligence']",2021-12-14 02:40:00
119,Head of Business  Intelligence,Full-time,Youtap Indonesia,Financial product comparison,Jakarta,Indonesia,27500000,20000000,35000000,4-7,4,7,"['Data Warehouse', 'Data Visualization', 'Data Science', 'Big Data', 'Data Analysis']",2021-12-11 10:34:35
120,Head of Risk,Full-time,Halodoc ID,Health & Wellness,Jakarta,Indonesia,0,0,0,4-7,4,7,"['Risk Management', 'Python', 'SQL', 'R', 'Risk Analysis']",2021-12-09 17:51:43
121,Business Intelligence Analyst ,Full-time,Aplikasi Super,Ecommerce logistics,Surabaya,Indonesia,6500000,5000000,8000000,1-4,1,4,"['Statistics', 'Data Visualization', 'Python', 'SQL', 'R', 'Business Intelligence', 'Tableau', 'Data Analysis']",2021-12-09 16:19:00
122,Senior Lead Business Analyst,Full-time,JAC Recruitment Indonesia,Human Resource,Jakarta,Indonesia,22500000,20000000,25000000,7-10,7,10,"['MySQL', 'Investment Banking', 'Data Warehouse', 'Data Science', 'Business Analysis', 'Data Management', 'Big Data', 'Data Analysis', 'Project Management']",2021-12-09 02:32:50
123,Digital Marketing,Full-time,HD Car Care Indonesia,Automotive,Jakarta,Indonesia,4500000,4000000,5000000,1-4,1,4,"['Marketing Strategy', 'Content Marketing', 'Digital Marketing', 'Communication Skills', 'Marketing', 'Marketing Communications']",2021-12-08 02:58:55
124,Marketplace Performance Manager,Full-time,KIQANI,Ecommerce aggregators,Jakarta,Indonesia,12500000,10000000,15000000,1-4,1,4,"['Digital Marketing', 'Marketing', 'Project Management']",2021-12-06 12:57:51
125,Digital Marketing Lead,Full-time,iSeller,Ecommerce seller tools and services,Jakarta,Indonesia,11000000,9000000,13000000,1-4,1,4,"['SEO/SEM', 'Digital Marketing', 'Digital Strategy', 'SEO']",2021-12-06 06:44:19
126,Business Analyst,Full-time,TIXid,Digital Entertainment,Jakarta,Indonesia,9000000,6000000,12000000,1-4,1,4,"['Business Development & Partnerships', 'Product Marketing', 'Marketing Strategy', 'Competitive Analysis', 'Market Research & Analysis', 'Business Analysis', 'New Business Development', 'Business Planning', 'Business Intelligence', 'Marketing', 'Data Analysis', 'Marketing Communications']",2021-11-30 08:17:22
127,Strategy & Operations Assistant Manager,Full-time,KoinWorks,"Lending, loans, and credit",Jakarta,Indonesia,0,0,0,4-7,4,7,"['Business Operations', 'Strategic Planning', 'Data Visualization', 'Financial Modelling & Valuation', 'Product Strategy', 'Financial Analysis', 'Business Strategy', 'Data Analysis', 'Operations', 'Financial Management']",2021-11-23 08:12:09
128,Strategy & Operations Assistant Manager (Revenue Ops.),Full-time,KoinWorks,"Lending, loans, and credit",Jakarta,Indonesia,0,0,0,4-7,4,7,"['Business Operations', 'Data Visualization', 'Financial Modelling & Valuation', 'Operations Management', 'Financial Analysis', 'Data Analysis', 'Financial Management']",2021-11-23 08:11:23
129,Business Analyst,Full-time,Andalin,Logistics,Jakarta,Indonesia,0,0,0,0-1,0,1,"['Data Entry', 'Data Science', 'Business Analysis', 'Microsoft Excel', 'Business Strategy', 'Business Intelligence', 'Communication Skills', 'Data Analysis']",2021-11-23 03:07:39
130,Estimator Konstruksi,Full-time,MyRobin Indonesia,Human Resource,Jakarta,Indonesia,5650000,4300000,7000000,1-4,1,4,"['Mechanical Engineering', 'Engineering', 'Electrical Engineering']",2021-11-22 09:46:22
131,Business Intelligence - Large Merchant Analyst,Full-time,BukuKas,Financial accounting and admin,Jakarta,Indonesia,0,0,0,4-7,4,7,"['Competitive Analysis', 'Analytics', 'Market Research & Analysis', 'Analytics & Reporting', 'Business Analysis', 'Risk Analysis', 'Financial Analysis', 'Analytical Skills', 'Statistical Analysis', 'Data Analysis']",2021-11-22 09:46:11
132,Business Intelligence - Operations Analyst,Full-time,BukuKas,Financial accounting and admin,Jakarta,Indonesia,0,0,0,4-7,4,7,"['Logistics', 'Competitive Analysis', 'Analytics', 'Analytics & Reporting', 'Business Analysis', 'Analytical Skills', 'Statistical Analysis', 'Data Analysis']",2021-11-22 09:36:46
133,Digital Marketing Analyst,Full-time,Sribu.com,Designers,Jakarta,Indonesia,6250000,5000000,7500000,1-4,1,4,"['Attention to Detail', 'Email Marketing', 'Facebook Advertising', 'Time Management', 'Google Analytics', 'Analytical Skills', 'Communication Skills', 'Sales & Marketing']",2022-01-12 02:12:13
134,Analyst,Full-time,Danabijak,"Lending, loans, and credit",Jakarta,Indonesia,7500000,5000000,10000000,1-4,1,4,"['Analytics', 'Python', 'Analytics & Reporting', 'Business Analysis', 'SQL', 'R', 'Economics', 'Microsoft Excel', 'Financial Analysis', 'Analytical Skills', 'Information Technology', 'Tableau']",2022-01-10 03:33:23
135,Frontend Lead,Full-time,Delman.io,Data Science,Jakarta,Indonesia,22500000,20000000,25000000,4-7,4,7,"['Software Architecture', 'Javascript', 'SQL', 'Front-end Development']",2022-01-10 10:53:52
136,Customer Success Specialist,Full-time,TurnkeyID,Big Data,Yogyakarta,Indonesia,2500000,2000000,3000000,1-4,1,4,"['Problem Solving', 'Microsoft Excel', 'Communication Skills']",2021-12-17 05:16:53
137,General Affairs - Internship  ,Internship,TurnkeyID,Big Data,Tangerang,Indonesia,1000000,750000,1250000,0-1,0,1,"['Agile', 'Data Entry', 'Analytics & Reporting', 'Microsoft Excel', 'English Language', 'Project Management']",2021-12-09 04:46:38
138,Assistant Social Media,Contract,InterconnectDATA,Big Data,"Bandung, Java",Indonesia,3900000,3800000,4000000,0-1,0,1,"['Social Media Marketing', 'Social Media Strategy', 'Social Media', 'Sales & Marketing']",2022-01-10 02:15:51
139,Graphic Designer,Contract,InterconnectDATA,Big Data,"Bandung, Java",Indonesia,4150000,3800000,4500000,1-4,1,4,"['Graphic Design', 'Adobe Indesign', 'Adobe Creative Suite', 'Design']",2022-01-07 14:50:14
140,Business Development Assistance,Contract,InterconnectDATA,Big Data,"Bandung, Java",Indonesia,3250000,2500000,4000000,0-1,0,1,"['Business Development & Partnerships', 'Business Analysis', 'Digital Marketing', 'Business Development', 'Communication Skills', 'Marketing Communications', 'Negotiation', 'Sales & Marketing']",2022-01-07 04:13:02
141,DevOps ,Contract,InterconnectDATA,Big Data,"Bandung, Java",Indonesia,6000000,4500000,7500000,1-4,1,4,"['Jenkins', 'Amazon Web Services (AWS)', 'Golang', 'Node.js', 'Redis']",2021-12-16 04:34:24
142,Backend Developer,Contract,InterconnectDATA,Big Data,"Bandung, Java",Indonesia,6000000,4500000,7500000,1-4,1,4,"['MySQL', 'Laravel', 'PHP', 'Python', 'Golang', 'PostgreSQL', 'Node.js', 'MongoDB']",2021-12-14 07:59:43
143,Account Executive,Full-time,BigBox  Telkom,Big Data,Jakarta,Indonesia,7000000,6000000,8000000,1-4,1,4,"['Marketing Strategy', 'Account Management', 'Big Data', 'Information Technology', 'Marketing Communications', 'Sales & Marketing', 'Project Management']",2021-12-08 05:40:21
144,DevOps,Contract,PT Oktagon Global Utama,Web Development,Tangerang,Indonesia,11500000,8000000,15000000,1-4,1,4,"['Databases', 'Amazon Web Services (AWS)', 'Linux', 'APIs', 'Clustering']",2022-01-17 11:05:33
145,System Administrator (DevOps),Full-time,PT WHIM Management Indonesia (Evos E-sports),Entertainment Industry,Jakarta,Indonesia,0,0,0,4-7,4,7,"['Databases', 'DevOps', 'System Administration']",2022-01-12 09:52:53
146,Senior System Analyst,Full-time,Bina Nusantara Group,Education Tech,Jakarta,Indonesia,0,0,0,1-4,1,4,"['Databases', 'Technology', 'Programming', 'SQL']",2022-01-12 09:39:44
147,Product Planning & Inventory Control,Full-time,SIRCLO,Ecommerce seller tools and services,Tangerang,Indonesia,0,0,0,0-1,0,1,"['Data Warehouse', 'Logistics', 'Microsoft Excel', 'Planning', 'Operations', 'Retail Management']",2022-01-11 11:08:20
148,Admin Support,Full-time,Bintango,Social Media Platforms,Jakarta,Indonesia,4750000,4000000,5500000,1-4,1,4,"['Data Entry', 'Analytics & Reporting', 'Microsoft Excel']",2022-01-10 12:19:08
149,Business Operation,Full-time,Aruna,Retail (food),Jakarta,Indonesia,0,0,0,1-4,1,4,"['Databases', 'Accounting', 'Accounts Payable', 'Account Management', 'System Administration']",2022-01-07 07:05:00
150,QA Engineer / Software Tester,Full-time,HashMicro,SaaS,Jakarta,Indonesia,7000000,5000000,9000000,0-1,0,1,"['Databases', 'Programming', 'Communication Skills']",2022-01-06 09:56:42
151,Oracle Developer,Contract,Indocyber Global Teknologi,IT & Cybersecurity,Jakarta,Indonesia,0,0,0,1-4,1,4,"['Databases', 'Web Development', 'SQL', 'Oracle', 'Software Development']",2022-01-04 09:48:01
152,Inbound Warehouse Coordinator,Full-time,Soyaka AI (Shox),Artificial Intelligence,Bogor,Indonesia,5,5,6,1-4,1,4,"['Data Warehouse', 'Logistics', 'Microsoft Excel', 'Operations']",2021-12-28 04:31:22
153,Business Operation Support,Full-time,Mekari (PT. Mid Solusi Nusantara),Enterprise Software,Jakarta,Indonesia,6000000,5000000,7000000,1-4,1,4,"['Data Entry', 'Analytics & Reporting', 'Data Analysis', 'Operations']",2021-12-28 02:25:42
154,Order Processing (Warehouse Placement),Full-time,SIRCLO,Ecommerce seller tools and services,Tangerang,Indonesia,0,0,0,0-1,0,1,"['Data Entry', 'Logistics', 'Analytics', 'Microsoft Excel']",2021-12-27 15:22:25
155,Purchasing Admin,Full-time,SIRCLO,Ecommerce seller tools and services,Tangerang,Indonesia,0,0,0,0-1,0,1,"['Data Warehouse', 'Data Management', 'Microsoft Excel', 'Purchasing']",2021-12-21 15:39:04
156,General Affairs Officer,Full-time,Aruna,Retail (food),Jakarta,Indonesia,0,0,0,1-4,1,4,"['Data Entry', 'Data Management', 'Communication Skills']",2021-12-20 14:43:39
157,Digital Content Solution Section Head,Full-time,Bina Nusantara Group,Education Tech,Jakarta,Indonesia,0,0,0,4-7,4,7,"['Databases', 'Content Management', 'Content Creation']",2021-12-20 04:53:11
158,Product Manager ,Full-time,OKHOME,Services,Jakarta,Indonesia,0,0,0,1-4,1,4,"['Databases', 'Product Research', 'Market Research & Analysis', 'Data Management', 'Product Management', 'Product Development', 'Data Analysis', 'User Research']",2021-12-16 08:04:30
159,Product Manager,Full-time,Lion Parcel,Logistics,Jakarta,Indonesia,0,0,0,1-4,1,4,"['Data Management', 'Product Management', 'Communication Skills']",2021-12-16 06:26:20
160,Digital Surveillance - Yogyakarta,Contract,Hangry,Restaurants & Food,Yogyakarta,Indonesia,1783000,1766000,1800000,0-1,0,1,"['Data Entry', 'Analytics', 'Analytics & Reporting', 'Data Management', 'Analytical Skills']",2021-12-15 06:42:45
161,Senior Oracle Developer,Contract,Indocyber Global Teknologi,IT & Cybersecurity,Jakarta,Indonesia,0,0,0,4-7,4,7,"['Databases', 'PHP', 'Web Development', 'SQL', 'Oracle', 'Software Development']",2021-12-15 06:28:11
162,Strategic Initiative Associate,Full-time,Hypefast,Ecommerce aggregators,Jakarta,Indonesia,0,0,0,1-4,1,4,"['Data Visualization', 'Data Management', 'Data Analysis', 'Agile Project Management', 'Project Management']",2021-12-14 11:24:28
163,System Analyst,Full-time,Bina Nusantara Group,Education Tech,Jakarta,Indonesia,0,0,0,0-1,0,1,"['Databases', 'Operating Systems', 'Programming', 'Business Analysis', 'SQL', 'System Design']",2021-12-12 10:01:14
164,Head of Project (BINUS Online Learning),Full-time,Bina Nusantara Group,Education Tech,Jakarta,Indonesia,0,0,0,4-7,4,7,"['Data Management', 'Agile Project Management', 'Project Management']",2021-12-10 13:19:31
165,DevOps Engineer,Full-time,PT Xapiens Teknologi Indonesia,IT & Cybersecurity,Tangerang,Indonesia,0,0,0,1-4,1,4,"['Databases', 'DevOps', 'Python', 'Shell Scripting', 'Golang', 'SQL', 'Cloud Computing']",2021-12-10 02:24:42
166,Junior Purchasing Executive,Full-time,SIRCLO,Ecommerce seller tools and services,Tangerang,Indonesia,0,0,0,0-1,0,1,"['Data Warehouse', 'Supply Chain Management', 'Microsoft Excel', 'Purchasing']",2021-12-07 16:37:22
167,Reseller Associate,Full-time,Hypefast,Ecommerce aggregators,Jakarta,Indonesia,0,0,0,1-4,1,4,"['Data Management', 'Sales Support', 'Data Analysis']",2021-11-23 11:18:39
168,Software Engineer (Fresh Graduates),Full-time,PT Solusi Integrasindo,Enterprise Software,Jakarta,Indonesia,0,0,0,0-1,0,1,"['Databases', 'Programming', 'Object-oriented Programming (OOP)']",2022-01-11 07:40:35
169,KOL Admin,Full-time,Somethinc - Beautyhaul,Marketplaces,Jakarta,Indonesia,0,0,0,1-4,1,4,"['Relational Databases', 'Client Relations', 'Relationship Building', 'Customer Relationship Management']",2022-01-17 07:25:06
170,Product Support,Full-time,Bobobox Indonesia,Hotels & Accomodation,"Bandung, Java",Indonesia,0,0,0,1-4,1,4,"['Big Data', 'A/B Testing', 'Data Analysis']",2022-01-13 09:23:50
171,KOL Management Intern,Internship,Somethinc - Beautyhaul,Marketplaces,Jakarta,Indonesia,0,0,0,0-1,0,1,"['Relational Databases', 'Client Relations', 'Relationship Building', 'Communication Skills']",2021-11-24 09:05:38
172,System Officer,Full-time,PT. Informasi Teknologi Indonesia,Service Providers,Indonesia Bulk Terminal,Indonesia,6000000,5000000,7000000,1-4,1,4,"['MySQL', 'Databases', 'Linux System Administration', 'Linux', 'MongoDB']",2022-01-06 05:35:13
173,Payment & Reporting Lead,Full-time,MyRobin Indonesia,Human Resource,Yogyakarta,Indonesia,3750000,3500000,4000000,1-4,1,4,"['Accounting', 'Data Management', 'Microsoft Excel']",2021-12-21 06:20:43
174,Warehouse Supervisor,Full-time,Hypefast,Ecommerce aggregators,Jakarta,Indonesia,0,0,0,4-7,4,7,"['Management', 'Data Warehouse', 'Retail Management']",2021-12-10 07:44:41
175,Inventory Controller,Full-time,Dagangan,B2B ecommerce,Indonesia Bulk Terminal,Indonesia,0,0,0,1-4,1,4,"['SAP', 'Data Warehouse', 'Supply Chain Management', 'Inventory Management', 'Inventory']",2021-12-10 07:30:01
176,IT Application Support,Full-time,PT Erajaya Swasembada Tbk.,Retail (general),Jakarta,Indonesia,1,1,1,1-4,1,4,"['SAP', 'Data Entry', 'Analytics & Reporting']",2021-12-06 09:15:33
177,SAP  IS-H m.e.d. Consultant,Full-time,SabiKerja,Human Resource,Jakarta,Indonesia,50000000,40000000,60000000,1-4,1,4,"['SAP', 'Data Management', 'Project Management']",2021-11-24 08:09:37
178,SAP IS-H Consultant,Full-time,SabiKerja,Human Resource,Jakarta,Indonesia,50000000,40000000,60000000,1-4,1,4,"['SAP', 'Data Management', 'Project Management']",2021-11-24 08:07:00
179,Internship Program: People Development,Internship,Mekari (PT. Mid Solusi Nusantara),Enterprise Software,Jakarta,Indonesia,2500000,2000000,3000000,0-1,0,1,"['Human Resources', 'Data Management', 'Scheduling']",2022-01-17 07:43:14
180,Analytics Engineer,Full-time,99.co,Marketplaces (Property),Jakarta,Indonesia,0,0,0,1-4,1,4,"['SQL', 'Big Data', 'Data Analysis']",2022-01-14 04:15:17
181,Marketing Analytics Associate,Full-time,Mekari (PT. Mid Solusi Nusantara),Enterprise Software,Jakarta,Indonesia,12500000,10000000,15000000,1-4,1,4,"['Innovation & Growth', 'Data Visualization', 'Analytics', 'SQL', 'Digital Marketing', 'Google Analytics']",2021-12-22 03:59:11
182,Admin Finance,Full-time,Somethinc - Beautyhaul,Marketplaces,Jakarta,Indonesia,0,0,0,0-1,0,1,"['Corporate Finance', 'Data Entry', 'System Administration']",2021-12-15 10:03:52
183,Lead Software Engineer (4+ years),Full-time,PT Five Jack (Itemku),Marketplaces (miscellaneous niche),Jakarta,Indonesia,37500000,15000000,60000000,4-7,4,7,"['React.js', 'Databases', 'Javascript', 'HTML5 & CSS3', 'REST APIs', 'SQL', 'Javascript Frameworks', 'Training', 'Unit Testing', 'Node.js', 'English Language']",2021-12-13 08:42:07
184,Field Control Tower (Bandung Based),Full-time,Soyaka AI (Shox),Artificial Intelligence,"Bandung, Java",Indonesia,4,3,5,0-1,0,1,"['Problem Solving', 'Data Entry', 'Customer Service', 'Microsoft Excel', 'Analytical Skills', 'Communication Skills', 'Data Analysis']",2021-12-11 18:14:22
185,Email Marketing Specialist,Full-time,Tokocrypto,Financial exchanges,Jakarta,Indonesia,8250000,8000000,8500000,1-4,1,4,"['SEO/SEM', 'Databases', 'Copywriting', 'HTML', 'Google Analytics']",2021-11-23 08:07:00
186,BackEnd Developer,Full-time,Diacon Technologies,Healthcare Services,Jakarta,Indonesia,8750000,5000000,12500000,1-4,1,4,"['React.js', 'Databases', 'Javascript', 'RESTful Services', 'Golang', 'AngularJS', 'NoSQL', 'Angular', 'Node.js']",2022-01-12 11:44:14
187,KOL Executive,Full-time,Somethinc - Beautyhaul,Marketplaces,Jakarta,Indonesia,0,0,0,1-4,1,4,"['Marketing Strategy', 'Relational Databases', 'Client Relations', 'Relationship Building', 'Customer Relationship Management']",2021-12-21 06:45:05
188,HC Policy & Performance Management Officer,Full-time,PT Erajaya Swasembada Tbk.,Retail (general),Jakarta,Indonesia,388888,123456,654321,0-1,0,1,"['Analytics & Reporting', 'Big Data', 'Microsoft Excel']",2021-12-17 05:45:29
189,Field Research & Development,Full-time,Pandawa Agri Indonesia,Life Sciences,"Kupang, Timor",Indonesia,0,0,0,1-4,1,4,"['Research & Development (R&D)', 'Data Management', 'Data Analysis']",2021-11-29 05:42:47
190,QA Engineer (Manual),Full-time,Aruna,Retail (food),Jakarta,Indonesia,0,0,0,1-4,1,4,"['Selenium', 'Jira', 'Data Analysis', 'Software Testing']",2021-12-30 03:57:07
191,Senior .NET Developer,Full-time,PT. Softorb Technology Indonesia,IT & Cybersecurity,Jakarta,Indonesia,7500000,5000000,10000000,4-7,4,7,"['ASP.NET', 'MySQL', 'Databases', 'Git', 'MVC', 'Object-oriented Programming (OOP)']",2022-01-14 03:30:21
192,Merchandiser,Full-time,Jakmall,Marketplaces (general),Jakarta,Indonesia,5250000,4500000,6000000,1-4,1,4,"['Merchandising', 'Google Analytics', 'Data Analysis']",2022-01-03 07:26:10
193,Fullstack Engineer,Full-time,Somethinc - Beautyhaul,Marketplaces,Jakarta,Indonesia,0,0,0,1-4,1,4,"['React.js', 'MySQL', 'Databases', 'Laravel', 'PHP', 'Python']",2021-12-20 06:09:18
194, Senior Fullstack Engineer,Full-time,Somethinc - Beautyhaul,Marketplaces,Jakarta,Indonesia,0,0,0,4-7,4,7,"['React.js', 'MySQL', 'Databases', 'Laravel', 'PHP', 'Python']",2021-12-20 06:06:55
195,Revenue Analyst,Full-time,Mekari (PT. Mid Solusi Nusantara),Enterprise Software,Jakarta,Indonesia,7500000,5000000,10000000,1-4,1,4,"['Corporate Finance', 'Metrics', 'Data Analysis']",2021-12-15 08:38:26
196,New Launch Associate,Full-time,Raena,B2B ecommerce,Jakarta,Indonesia,8500000,5000000,12000000,1-4,1,4,"['Corporate Finance', 'Merchandising', 'Data Analysis']",2021-12-15 05:07:46
197,People Acquisition Specialist,Full-time,Aruna,Retail (food),Jakarta,Indonesia,0,0,0,1-4,1,4,"['Analytics & Reporting', 'Recruiting', 'Data Management']",2021-12-09 08:06:02
198,Product Manager ,Full-time,Qerja,Internet Technology,Jakarta,Indonesia,10500000,9000000,12000000,0-1,0,1,"['Product Management', 'Marketing', 'Data Analysis']",2021-12-01 11:44:09
199,Payment Staff,Full-time,MyRobin Indonesia,Human Resource,Yogyakarta,Indonesia,2750000,2500000,3000000,0-1,0,1,"['Attention to Detail', 'Accounting', 'Data Entry', 'Data Management', 'Microsoft Excel']",2021-12-21 07:17:24
200,Intern E-Commerce Analyst,Part-time,Indopasifik Teknologi Medika Indonesia,Healthcare Services,Jakarta,Indonesia,2050000,1800000,2300000,0-1,0,1,"['E-commerce', 'Statistical Analysis', 'Data Analysis']",2021-12-20 06:33:09
201,(Junior) Business Development Executive,Full-time,Lima,Marketplaces,Jakarta,Indonesia,6500000,5000000,8000000,1-4,1,4,"['Business Development & Partnerships', 'Business Development', 'Data Analysis', 'Sales & Marketing']",2021-12-20 04:23:55
202,DevOps Engineer,Full-time,PT Ako Media Asia - SALT Indonesia,Consulting,Jakarta,Indonesia,9000000,8000000,10000000,1-4,1,4,"['Nginx', 'MySQL', 'Jenkins', 'Data Visualization', 'PostgreSQL']",2022-01-17 12:29:57
203,CRM Operations,Full-time,Mekari (PT. Mid Solusi Nusantara),Enterprise Software,Jakarta,Indonesia,5000000,4000000,6000000,1-4,1,4,"['QA', 'Analytics', 'CRM', 'Data Analysis']",2021-11-23 06:28:52
204,Software Engineer - Backend,Full-time,Ritase,Logistics,Jakarta,Indonesia,10000000,6000000,14000000,1-4,1,4,"['Problem Solving', 'Git', 'Javascript', 'Relational Databases', 'Programming', 'SQL', 'Node.js']",2022-01-04 09:06:57
205,Area Operations Manager,Full-time,Dagangan,B2B ecommerce,Indonesia Bulk Terminal,Indonesia,0,0,0,1-4,1,4,"['Business Operations', 'Team Management', 'Distribution', 'Data Warehouse', 'Logistics', 'Supply Chain Management', 'Operations Management', 'Consumer Products', 'Team Leadership', 'Teamwork', 'Operations']",2022-01-06 07:01:49
206,Lead Product Manager - Bill Payments Indonesia,Full-time,JAC Recruitment Indonesia,Human Resource,Jakarta,Indonesia,65000000,50000000,80000000,4-7,4,7,"['Product Research', 'Technology', 'Product Strategy', 'Data Science', 'Big Data', 'Business Development', 'Product Management', 'Product Development', 'Business Management']",2021-12-13 03:03:24
207,Business Process Analyst Officer,Full-time,Bina Nusantara Group,Education Tech,Jakarta,Indonesia,0,0,0,1-4,1,4,"['Business Analysis', 'Business Development', 'Coding', 'Data Analysis']",2021-12-10 10:38:30
208,Quality Assurance (Non Technology Position),Contract,Tunaiku,"Lending, loans, and credit",Jakarta,Indonesia,0,0,0,1-4,1,4,"['Analytics', 'Analytics & Reporting', 'Analytical Skills', 'Data Analysis']",2021-12-01 13:25:08
209,Product Manager,Full-time,PT Nusa Satu Inti Arta,Payments and remittance,Jakarta,Indonesia,1,1,2,1-4,1,4,"['Product Research', 'Jenkins', 'Product Strategy', 'Big Data', 'Business Planning', 'Jira', 'Object-oriented Programming (OOP)', 'Product Management', 'Product Design', 'Scrum', 'Agile Project Management']",2022-01-14 04:04:55
210,Product Management Head,Full-time,PT Formasi Agung Selaras (Famous Allstars),Digital Media,Jakarta,Indonesia,16500000,15000000,18000000,4-7,4,7,"['Product Marketing', 'Strategic Planning', 'Product Strategy', 'Data Management', 'Product Management']",2022-01-11 08:38:25
211,Senior Finance & Accounting,Full-time,Payfazz (PT. Payfazz Teknologi Nusantara),Payments and remittance,Jakarta,Indonesia,0,0,0,1-4,1,4,"['Corporate Finance', 'Attention to Detail', 'Accounting', 'Data Entry']",2022-01-10 03:29:54
212,Accounting Internship,Internship,Somethinc - Beautyhaul,Marketplaces,Jakarta,Indonesia,0,0,0,0-1,0,1,"['Attention to Detail', 'Problem Solving', 'Accounting', 'Data Entry', 'Microsoft Excel', 'Analytical Skills', 'Data Analysis']",2022-01-04 04:19:55
213,Community Engagement Officer,Full-time,Aruna,Retail (food),Jakarta,Indonesia,0,0,0,1-4,1,4,"['Analytics & Reporting', 'Analytical Skills', 'Communication Skills', 'Data Analysis', 'Project Management']",2021-12-31 06:28:29
214,Community Acquisition Supervisor,Full-time,Aruna,Retail (food),Jakarta,Indonesia,0,0,0,1-4,1,4,"['Attention to Detail', 'Analytics & Reporting', 'Analytical Skills', 'Data Analysis']",2021-12-31 06:54:49
215,Fullstack Developer,Full-time,Danafix,"Lending, loans, and credit",Yogyakarta,Indonesia,0,0,0,1-4,1,4,"['React.js', 'UI/UX Design', 'HTML+CSS', 'Databases', 'Git', 'Javascript', 'PHP', 'Python', 'REST APIs', 'SQL', 'Github']",2021-12-30 06:12:15
216,eCommerce Analyst (Mama's Choice),Full-time,theAsianparent,Digital Media,Jakarta,Indonesia,7000000,4000000,10000000,0-1,0,1,"['Forecasting', 'Business Analysis', 'Business Development', 'Google Analytics', 'Data Analysis', 'English Language', 'Online Marketing']",2022-01-05 06:25:01
217,E-Commerce Analyst,Full-time,Indopasifik Teknologi Medika Indonesia,Healthcare Services,Jakarta,Indonesia,6000000,5000000,7000000,0-1,0,1,"['E-commerce', 'Competitive Analysis', 'Business Analysis', 'Statistical Analysis', 'Data Analysis']",2021-12-20 06:30:20
218,Business Operation Improvement (Senyumku Team),Full-time,Tunaiku,"Lending, loans, and credit",Jakarta,Indonesia,0,0,0,0-1,0,1,"['Business Operations', 'Operations Management', 'Market Research & Analysis', 'Business Analysis', 'Data Analysis', 'Project Management']",2021-12-09 13:16:28
219,Business Development Lead,Full-time,Lima,Marketplaces,Jakarta,Indonesia,15000000,12000000,18000000,4-7,4,7,"['Business Development & Partnerships', 'Relationship Building', 'Business Development', 'Customer Relationship Management', 'Data Analysis', 'Sales & Marketing']",2021-12-27 07:57:23
220,HR Executive,Full-time,Lima,Marketplaces,Jakarta,Indonesia,9000000,8000000,10000000,1-4,1,4,"['People Management', 'Accounting', 'Microsoft Office', 'Training', 'Talent Acquisition', 'Data Analysis', 'Payroll']",2021-12-09 08:31:39
221,Credit Risk Management,Full-time,Tunaiku,"Lending, loans, and credit",Jakarta,Indonesia,0,0,0,1-4,1,4,"['Risk Management', 'Analytics', 'Analytics & Reporting', 'Risk Analysis', 'Analytical Skills', 'Data Analysis']",2021-12-12 14:17:46
222,Funding Operations Analyst,Full-time,Amartha,"Lending, loans, and credit",Jakarta,Indonesia,0,0,0,1-4,1,4,"['Process Management', 'Risk Analysis', 'Microsoft Excel', 'Financial Analysis', 'Statistical Analysis', 'Data Analysis']",2022-01-11 12:39:39
223,Senior People Business Partner,Full-time,99.co,Marketplaces (Property),Jakarta,Indonesia,0,0,0,4-7,4,7,"['People Management', 'Human Resources', 'Talent Acquisition', 'Analytical Skills', 'Communication Skills', 'Data Analysis']",2022-01-10 23:33:45
224,Junior Project Manager (B2B Product),Full-time,Inspigo,Audio,Jakarta,Indonesia,0,0,0,0-1,0,1,"['Google Apps', 'Microsoft Office', 'Microsoft Excel', 'Project Leader', 'Analytical Skills', 'Data Analysis', 'Project Management']",2022-01-03 08:33:02
225,Market Analyst Associate,Full-time,Rukita,Marketplaces (Property),Jakarta,Indonesia,6000000,5000000,7000000,1-4,1,4,"['Cold Calling', 'SPSS', 'Market Research & Analysis', 'Real Estate', 'Market Research', 'Data Analysis']",2021-12-22 05:04:48
226,Product Analyst,Full-time,Carro,Marketplaces (automobiles),Jakarta,Indonesia,12500000,10000000,15000000,1-4,1,4,"['Analytics', 'Market Research & Analysis', 'Analytics & Reporting', 'Business Analysis', 'Analytical Skills', 'Data Analysis']",2021-12-12 12:28:50
227,Product Operations Associate,Full-time,Codebrick,Enterprise Software,Jakarta,Indonesia,0,0,0,1-4,1,4,"['E-commerce', 'Problem Solving', 'QA', 'SQL', 'Product Management', 'Analytical Skills', 'Data Analysis', 'Operations']",2021-11-24 06:55:16
228,Group Head of Administration,Full-time,Deliveree Indonesia,Logistics,Jakarta,Indonesia,0,0,0,7-10,7,10,"['Presentation Skills', 'Team Management', 'People Management', 'Human Resources', 'Microsoft Excel', 'Communication Skills', 'Data Analysis', 'Program Management', 'Project Management']",2021-12-28 14:01:19
229,Category Manager (Bandung / Jakarta),Full-time,Evermos,Marketplaces (miscellaneous niche),"Bandung, Java",Indonesia,0,0,0,1-4,1,4,"['Business Development & Partnerships', 'MySQL', 'Analytics', 'Analytics & Reporting', 'Business Analysis', 'Business Development', 'Analytical Skills', 'Data Analysis', 'Sales & Marketing']",2021-11-22 08:05:53
230,Digital Marketing,Full-time,GrobMedia,Advertising,"Bandung, Java",Indonesia,3750000,3500000,4000000,1-4,1,4,"['SEO/SEM', 'Facebook Advertising', 'Google Adwords', 'Advertising', 'Digital Marketing', 'Google Analytics', 'Digital Strategy', 'Data Analysis']",2022-01-15 04:43:14
231,Brand Activation,Full-time,Hypefast,Ecommerce aggregators,Jakarta,Indonesia,7500000,6000000,9000000,1-4,1,4,"['Media Relations', 'Event Management', 'Analytics & Reporting', 'Media', 'Analytical Skills', 'Communication Skills', 'Brand Management', 'Marketing Management', 'Data Analysis']",2022-01-04 03:25:45
232,Marketing Lead,Full-time,Lima,Marketplaces,Jakarta,Indonesia,14000000,10000000,18000000,4-7,4,7,"['Product Marketing', 'Marketing Strategy', 'Email Marketing', 'Social Media Marketing', 'Content Marketing', 'Digital Marketing', 'Marketing Management', 'Marketing', 'Data Analysis', 'Marketing Communications', 'Online Marketing']",2021-12-09 08:38:55
233,Product Manager - Community Platform,Full-time,Kompas Gramedia,News,Jakarta,Indonesia,15000000,10000000,20000000,1-4,1,4,"['Product Research', 'Customer Experience', 'Analytics', 'Market Research & Analysis', 'Product Management', 'Product Design', 'Google Analytics', 'Product Development', 'Market Research', 'Data Analysis', 'User Research']",2021-12-07 17:05:05
234,Financial Institutions,Full-time,KoinWorks,"Lending, loans, and credit",Jakarta,Indonesia,0,0,0,1-4,1,4,"['Corporate Finance', 'MySQL', 'Management', 'Financial Modelling & Valuation', 'Python', 'Analytics & Reporting', 'Risk Analysis', 'Economics', 'Financial Analysis', 'Analytical Skills', 'Communication Skills', 'Statistical Analysis', 'Data Analysis', 'Financial Management']",2022-01-04 02:37:02
235,Merchandiser (Long-tail),Full-time,Dagangan,B2B ecommerce,"Bandung, Java",Indonesia,0,0,0,1-4,1,4,"['Sales Strategy & Management', 'Market Research & Analysis', 'Negotiation']",2022-01-14 02:43:36
236,Accounting Officer,Full-time,Dagangan,B2B ecommerce,Yogyakarta,Indonesia,0,0,0,1-4,1,4,"['Accounting', 'Accounts Payable', 'Microsoft Excel']",2022-01-12 14:08:54
237,Account Receivable,Full-time,Dagangan,B2B ecommerce,Yogyakarta,Indonesia,0,0,0,1-4,1,4,"['Accounting', 'Accounts Payable', 'Business Management']",2022-01-12 12:52:08
238,Marketing Activation Specialist,Full-time,Dagangan,B2B ecommerce,"Bandung, Java",Indonesia,0,0,0,0-1,0,1,"['Marketing Strategy', 'Social Media Marketing', 'Sales Strategy & Management', 'Content Marketing', 'Digital Marketing', 'Marketing Communications', 'Sales & Marketing', 'Project Management']",2022-01-12 07:11:08
239,Business Development Associate,Full-time,Dagangan,B2B ecommerce,"Bandung, Java",Indonesia,0,0,0,1-4,1,4,"['Business Development & Partnerships', 'Sales Strategy & Management', 'Business Development', 'Project Management']",2021-12-31 04:22:27
240,Backend Developer,Full-time,Danafix,"Lending, loans, and credit",Yogyakarta,Indonesia,9000000,8000000,10000000,1-4,1,4,"['Backend Development', 'Javascript', 'Java', 'Github']",2021-12-30 06:14:40
241,Digital Marketing Manager,Full-time,Danafix,"Lending, loans, and credit",Jakarta,Indonesia,0,0,0,1-4,1,4,"['Marketing Strategy', 'Digital Marketing', 'CRM', 'Google Analytics']",2021-12-30 06:13:58
242,SEO Manager,Full-time,Danafix,"Lending, loans, and credit",Jakarta,Indonesia,0,0,0,1-4,1,4,"['SEO/SEM', 'MySQL', 'Javascript', 'CSS', 'jQuery', 'XHTML', 'Google Analytics', 'WordPress', 'SEO']",2021-12-30 06:13:08
243,QA Analyst,Full-time,Danafix,"Lending, loans, and credit",Yogyakarta,Indonesia,0,0,0,0-1,0,1,"['QA', 'Agile', 'APIs', 'Scrum']",2021-12-07 09:16:56
244,Area Sales Manager,Full-time,Dagangan,B2B ecommerce,Indonesia Bulk Terminal,Indonesia,0,0,0,4-7,4,7,"['People Management', 'Sales Strategy & Management', 'Operations Management', 'Inventory Management', 'Sales & Marketing', 'Retail Management']",2021-12-03 11:01:45
245,Buyer / Merchandiser,Full-time,Dagangan,B2B ecommerce,Indonesia Bulk Terminal,Indonesia,0,0,0,1-4,1,4,"['Sales Strategy & Management', 'Sales', 'Merchandising', 'Forecasting', 'Salesforce', 'Inside Sales', 'Consumer Products', 'Communication Skills', 'Sales & Marketing']",2021-11-30 09:29:54
246,Head of Growth,Full-time,Warung Pintar Group,Retail (general),Jakarta,Indonesia,0,0,0,1-4,1,4,"['Attention to Detail', 'Problem Solving', 'Innovation & Growth', 'Business Development', 'Project Management']",2022-01-18 09:03:54
247,Employee Engagement Intern,Internship,Somethinc - Beautyhaul,Marketplaces,Jakarta,Indonesia,0,0,0,0-1,0,1,"['Attention to Detail', 'Event Management', 'Event Planning', 'Communication Skills']",2022-01-18 06:44:34
248,Distribution Intern,Internship,Zen Rooms,Hotels & Accomodation,Jakarta,Indonesia,1000000,0,2000000,0-1,0,1,"['Attention to Detail', 'Problem Solving', 'Public Relations', 'Analytical Skills', 'Content Creation']",2022-01-17 10:41:27
249,OTA Content Intern,Internship,Zen Rooms,Hotels & Accomodation,Jakarta,Indonesia,1000000,0,2000000,0-1,0,1,"['Attention to Detail', 'Problem Solving', 'Analytical Skills', 'Content Strategy', 'Project Management']",2022-01-17 10:38:16
250,Assistant Accounting Manager,Full-time,GGL Life,Health & Wellness,Surabaya,Indonesia,0,0,0,1-4,1,4,"['Attention to Detail', 'Accounting', 'Communication Skills']",2022-01-17 07:58:01
251,Program Lead,Contract,Kitabisa.com,Crowdfunding,Jakarta,Indonesia,0,0,0,1-4,1,4,"['Attention to Detail', 'Research', 'Communication Skills', 'Project Management']",2022-01-13 03:07:32
252,Corporate Legal & Litigation Officer,Full-time,Tunaiku,"Lending, loans, and credit",Jakarta,Indonesia,6000000,5000000,7000000,1-4,1,4,"['Attention to Detail', 'Problem Solving', 'Analytical Skills', 'Communication Skills']",2022-01-13 02:37:44
253,Purchasing Intern,Internship,Somethinc - Beautyhaul,Marketplaces,Jakarta,Indonesia,0,0,0,0-1,0,1,"['Attention to Detail', 'Microsoft Excel', 'Purchasing', 'Negotiation']",2022-01-12 10:04:11
254,Graphic Designer,Full-time,Laku6 (Rebonics),Retail (consumer electronics),Jakarta,Indonesia,4750000,4500000,5000000,0-1,0,1,"['Attention to Detail', 'Adobe Illustrator', 'Adobe Premiere', 'Content Marketing', 'Business Analysis', 'Adobe Indesign', 'Copywriting & Editing', 'Adobe Photoshop', 'Communication Skills', 'English Language']",2022-01-12 06:51:49
255,Warehouse Officer,Full-time,Hypefast,Ecommerce aggregators,Jakarta,Indonesia,0,0,0,4-7,4,7,"['Attention to Detail', 'Sales Support', 'Communication Skills']",2022-01-12 03:34:16
256,Legal Manager,Full-time,PT Formasi Agung Selaras (Famous Allstars),Digital Media,Jakarta,Indonesia,12750000,12000000,13500000,4-7,4,7,"['Attention to Detail', 'Problem Solving', 'Legal', 'Leadership', 'Communication Skills']",2022-01-11 08:35:38
257,Digital Marketing Executive,Full-time,Somethinc - Beautyhaul,Marketplaces,Jakarta,Indonesia,0,0,0,1-4,1,4,"['Attention to Detail', 'Facebook Advertising', 'Digital Marketing', 'Communication Skills', 'Marketing']",2022-01-11 06:58:33
258,Admin Staff,Full-time,PT Wahana Semesta Ilmu,Lifestyle Businesses,Jakarta,Indonesia,4850000,4700000,5000000,0-1,0,1,"['Attention to Detail', 'Google Apps', 'International Business', 'Microsoft Excel', 'English Language']",2022-01-10 05:06:19
259,Secretary BOD,Full-time,kumparan.com,News,Jakarta,Indonesia,0,0,0,1-4,1,4,"['Attention to Detail', 'Operations Management', 'Microsoft']",2022-01-09 16:17:30
260,HR Compensation & Benefit,Full-time,Hukumonline,Legal,Jakarta,Indonesia,0,0,0,4-7,4,7,"['Attention to Detail', 'Compensation & Benefits', 'Human Resources', 'Analytics & Reporting', 'Analytical Skills', 'Payroll']",2022-01-07 11:32:54
261,On Page Content Writer,Contract,99.co,Marketplaces (Property),"Bandung, Java",Indonesia,4850000,3700000,6000000,1-4,1,4,"['Attention to Detail', 'Writing', 'Writer', 'Copywriting & Editing', 'Creative Writing', 'Copywriting', 'Communication Skills', 'SEO']",2022-01-07 03:59:30
262,Developer Operation,Full-time,Pasifik Satelit Nusantara,Telecommunications,Indonesia Bulk Terminal,Indonesia,1,1,1,0-1,0,1,"['Attention to Detail', 'Problem Solving', 'Git', 'Javascript', 'PHP', 'SVN', 'CSS', 'HTML5 & CSS3', 'Python', 'jQuery', 'REST APIs', 'SQL', 'Analytical Skills', 'Communication Skills']",2022-01-06 10:39:57
263,Content Creator/Librarian Intern,Internship,SIRCLO,Ecommerce seller tools and services,Tangerang,Indonesia,0,0,0,0-1,0,1,"['Attention to Detail', 'Writing', 'Copywriting', 'Analytical Skills', 'Communication Skills', 'Content Creation']",2022-01-05 16:44:59
264,Creative Stylist (Mom & Kids),Full-time,Hypefast,Ecommerce aggregators,Jakarta,Indonesia,7000000,6000000,8000000,1-4,1,4,"['Attention to Detail', 'Creative Direction', 'Teamwork']",2022-01-05 11:10:09
265,HR & GA,Full-time,Cicil,"Lending, loans, and credit",Jakarta,Indonesia,1,1,1,0-1,0,1,"['Attention to Detail', 'Microsoft', 'Communication Skills']",2022-01-05 03:53:55
266,Campaign Strategist Officer,Full-time,Boleh Dicoba Digital,Social Media Marketing,"Bandung, Java",Indonesia,5000000,4500000,5500000,1-4,1,4,"['Attention to Detail', 'Strategic Planning', 'Content Marketing', 'Social Media']",2022-01-03 06:13:57
267,Program Development Officer,Full-time,Boleh Dicoba Digital,Social Media Marketing,"Bandung, Java",Indonesia,5000000,4500000,5500000,0-1,0,1,"['Attention to Detail', 'Social Media', 'Communications']",2022-01-03 05:12:08
268,Community Support,Full-time,Aruna,Retail (food),Jakarta,Indonesia,0,0,0,1-4,1,4,"['Attention to Detail', 'Community Management', 'Google Apps', 'Communication Skills']",2021-12-31 06:57:59
269,Community Activation Support,Full-time,Aruna,Retail (food),Jakarta,Indonesia,0,0,0,1-4,1,4,"['Attention to Detail', 'Microsoft Excel', 'Communication Skills', 'Project Management']",2021-12-31 06:37:35
270,Business Operations Support,Full-time,Aruna,Retail (food),Jakarta,Indonesia,0,0,0,1-4,1,4,"['Attention to Detail', 'Analytics & Reporting', 'Communication Skills']",2021-12-31 05:01:11
271,HR Generalist,Full-time,MyRobin Indonesia,Human Resource,Yogyakarta,Indonesia,2750000,2500000,3000000,0-1,0,1,"['Attention to Detail', 'Human Resources', 'English Language', 'Negotiation']",2021-12-28 11:38:35
272,Human Resources Internship,Internship,kumparan.com,News,Jakarta,Indonesia,0,0,0,0-1,0,1,"['Attention to Detail', 'Recruiting', 'System Administration', 'Communication Skills']",2021-12-28 11:05:33
273,Talent Manager (KOL),Full-time,PT WHIM Management Indonesia (Evos E-sports),Entertainment Industry,Jakarta,Indonesia,0,0,0,1-4,1,4,"['Attention to Detail', 'Community Management', 'Relationship Building', 'Communication Skills', 'Project Management']",2021-12-26 08:40:26
274,Business Content & Project Development Specialist,Full-time,Inspigo,Audio,Jakarta,Indonesia,0,0,0,0-1,0,1,"['Attention to Detail', 'Business Development', 'Leadership', 'Communication Skills', 'Agile Project Management', 'Cross-Functional Team Leadership', 'Project Management']",2021-12-24 12:23:45
275,Learning Partner & Community Engagement Specialist,Full-time,Inspigo,Audio,Jakarta,Indonesia,0,0,0,0-1,0,1,"['Attention to Detail', 'Business Development', 'Leadership', 'Communication Skills', 'Agile Project Management', 'Cross-Functional Team Leadership', 'Project Management']",2021-12-24 12:17:54
276,Business Development Admin,Full-time,Inspigo,Audio,Jakarta,Indonesia,0,0,0,1-4,1,4,"['Attention to Detail', 'Agile', 'Business Development', 'Leadership', 'Communication Skills', 'Project Management']",2021-12-24 10:44:45
277,People Support,Contract,Tunaiku,"Lending, loans, and credit",Jakarta,Indonesia,4500000,4000000,5000000,1-4,1,4,"['Attention to Detail', 'Time Management', 'System Administration']",2021-12-21 04:07:32
278,Client Success and Operations Manager,Full-time,TADA,SaaS,Jakarta,Indonesia,17500000,15000000,20000000,4-7,4,7,"['Attention to Detail', 'Client Relations', 'Customer Experience', 'Customer Service', 'Customer Relationship Management', 'Communication Skills', 'English Language', 'Communications']",2021-12-20 03:14:20
279,Due Diligence Staff,Full-time,KIQANI,Ecommerce aggregators,Jakarta,Indonesia,8500000,7000000,10000000,1-4,1,4,"['Attention to Detail', 'Problem Solving', 'Microsoft Excel', 'Project Management']",2021-12-10 04:45:11
280, Executive Assistant (Women Only),Full-time,Lima,Marketplaces,Jakarta,Indonesia,8500000,7000000,10000000,1-4,1,4,"['Attention to Detail', 'Event Management', 'Microsoft Office', 'Time Management', 'Communication Skills']",2021-12-09 09:22:18
281,Legal Manager,Full-time,Somethinc - Beautyhaul,Marketplaces,Jakarta,Indonesia,0,0,0,7-10,7,10,"['Attention to Detail', 'Legal', 'Communication Skills']",2021-12-08 06:42:59
282,Desk Collection,Contract,Tunaiku,"Lending, loans, and credit",Jakarta,Indonesia,4250000,4000000,4500000,1-4,1,4,"['Attention to Detail', 'Communication Skills', 'Teamwork']",2021-12-03 09:10:23
283,Purchasing Associate,Full-time,Rukita,Marketplaces (Property),Jakarta,Indonesia,0,0,0,0-1,0,1,"['Attention to Detail', 'Procurement', 'Communication Skills', 'Purchasing']",2021-12-03 09:04:02
284,Assistant Accounting & Tax Manager,Full-time,kumparan.com,News,Jakarta,Indonesia,0,0,0,7-10,7,10,"['Attention to Detail', 'Accounting', 'Financial Management']",2021-12-02 03:44:52
285,Admin Kontrak,Contract,Tunaiku,"Lending, loans, and credit",Jakarta,Indonesia,4250000,4000000,4500000,1-4,1,4,"['Attention to Detail', 'System Administration', 'Communication Skills']",2021-12-02 01:45:04
286,Fleet Intern,Internship,Chilibeli,Marketplaces (food),"Bandung, Java",Indonesia,2250000,1500000,3000000,0-1,0,1,"['Attention to Detail', 'Agile', 'Communication Skills']",2021-12-01 04:21:21
287,Credit Risk Analyst (6 Month Contract),Contract,KoinWorks,"Lending, loans, and credit",Jakarta,Indonesia,0,0,0,1-4,1,4,"['Attention to Detail', 'Risk Analysis', 'Communication Skills']",2021-11-30 05:41:17
288,Logistic Coordinator,Full-time,Chilibeli,Marketplaces (food),Depok,Indonesia,5000000,4000000,6000000,1-4,1,4,"['Attention to Detail', 'Communication Skills', 'Team Leadership']",2021-11-30 05:07:18
289,Mitra Kurir (Driver) Mobil,Part-time,Chilibeli,Marketplaces (food),Ciputat,Indonesia,3000000,2000000,4000000,0-1,0,1,"['Attention to Detail', 'Logistics', 'Communication Skills']",2021-11-30 05:05:22
290,Government Relations,Full-time,Pintek,"Lending, loans, and credit",Jakarta,Indonesia,9000000,8000000,10000000,0-1,0,1,"['Attention to Detail', 'Writing', 'Negotiation']",2021-11-30 02:09:42
291,Associate Accountant,Full-time,Andalin,Logistics,Jakarta,Indonesia,0,0,0,1-4,1,4,"['Attention to Detail', 'Accounting', 'Business Plan']",2021-11-29 07:24:32
292,Reporter kumparan MOM,Full-time,kumparan.com,News,Jakarta,Indonesia,0,0,0,1-4,1,4,"['Attention to Detail', 'Writing', 'Journalism', 'Analytical Skills', 'Communication Skills']",2021-11-26 11:23:03
293,Freelance Accounting,Freelance,PT Formasi Agung Selaras (Famous Allstars),Digital Media,Jakarta,Indonesia,2250000,2200000,2300000,0-1,0,1,"['Attention to Detail', 'Accounting', 'Audit']",2021-11-22 15:53:20
294,Copywriter,Full-time,Pintek,"Lending, loans, and credit",Jakarta,Indonesia,0,0,0,1-4,1,4,"['Attention to Detail', 'Content Marketing', 'Copywriting', 'Communication Skills']",2021-11-22 11:20:47
295,Credit Administration Staff,Contract,Tunaiku,"Lending, loans, and credit",Jakarta,Indonesia,4500000,4000000,5000000,1-4,1,4,"['Attention to Detail', 'Time Management', 'System Administration']",2021-11-21 08:35:46
296,Junior Accounting Staff,Full-time,WIR Global,Designers,Jakarta,Indonesia,4250000,4000000,4500000,0-1,0,1,"['Attention to Detail', 'Accounting', 'Accounts Payable']",2021-12-15 08:46:37
297,Financial Analyst - Insurance,Full-time,Halodoc ID,Health & Wellness,Jakarta,Indonesia,0,0,0,4-7,4,7,"['Corporate Finance', 'Attention to Detail', 'Financial Analysis', 'Financial Management']",2022-01-11 17:25:28
298,Quality Assurance Associate,Full-time,Rukita,Marketplaces (Property),Jakarta,Indonesia,5500000,5000000,6000000,1-4,1,4,"['Professional Services', 'Attention to Detail', 'Quality Control']",2022-01-07 09:04:19
299,Business Development Executive,Full-time,Inspigo,Audio,Jakarta,Indonesia,0,0,0,1-4,1,4,"['Cold Calling', 'Attention to Detail', 'Customer Acquisition', 'Client Relations', 'Sales Strategy & Management', 'Sales', 'Customer Relationship Management', 'Sales & Marketing']",2022-01-04 05:36:37
300,IT Personal Assistant (Admin),Contract,Indocyber Global Teknologi,IT & Cybersecurity,Jakarta,Indonesia,0,0,0,1-4,1,4,"['Microsoft Word', 'Attention to Detail', 'Vendor Management', 'Microsoft Excel']",2021-12-22 11:04:07
301,Finance Accounting Intern,Internship,BukuKas,Financial accounting and admin,Jakarta,Indonesia,0,0,0,0-1,0,1,"['Corporate Finance', 'Attention to Detail', 'Accounting']",2021-12-20 06:58:21
302,Finance Manager,Full-time,TADA,SaaS,Jakarta,Indonesia,20000000,15000000,25000000,4-7,4,7,"['Corporate Finance', 'Attention to Detail', 'Accounting', 'Financial Analysis', 'Communication Skills', 'English Language', 'Communications', 'Financial Management']",2021-12-20 03:07:26
303,Digital Project Consultant,Full-time,Sribu.com,Designers,Jakarta,Indonesia,7250000,5500000,9000000,1-4,1,4,"['SEO/SEM', 'Attention to Detail', 'Email Marketing', 'Facebook Advertising', 'Client Relations', 'Strategic Planning', 'Time Management', 'Google Analytics', 'Analytical Skills', 'Communication Skills', 'SEO']",2021-12-16 02:50:05
304,Finance-Accounting,Full-time,Ziel Kids,Retail (fashion and beauty),Jakarta,Indonesia,5500000,5000000,6000000,1-4,1,4,"['Corporate Finance', 'Attention to Detail', 'Accounting', 'Microsoft Excel', 'Communication Skills']",2021-12-08 06:24:35
305,Administration Staff,Full-time,KIQANI,Ecommerce aggregators,Jakarta,Indonesia,5250000,4500000,6000000,0-1,0,1,"['Microsoft PowerPoint', 'Attention to Detail', 'Microsoft Office', 'Microsoft Excel', 'Communication Skills', 'Operations']",2021-12-06 13:04:57
306,Business Process Control Spv,Full-time,Payfazz (PT. Payfazz Teknologi Nusantara),Payments and remittance,Jakarta,Indonesia,0,0,0,1-4,1,4,"['Microsoft Visio', 'Attention to Detail', 'Process Management', 'Process Improvement']",2021-11-24 08:14:05
307,Supervisor FAT,Full-time,TADA,SaaS,Jakarta,Indonesia,16500000,13000000,20000000,1-4,1,4,"['Corporate Finance', 'Attention to Detail', 'Accounting', 'Financial Analysis', 'Communication Skills', 'English Language', 'Communications', 'Financial Management']",2021-11-24 03:53:32
308,Partner Management Specialist,Full-time,Tjetak,Ecommerce seller tools and services,Jakarta,Indonesia,7000000,6000000,8000000,0-1,0,1,"['Business Development & Partnerships', 'Attention to Detail', 'Business Development', 'Communication Skills']",2021-12-22 04:01:16
309,Client Representative,Full-time,TADA,SaaS,Jakarta,Indonesia,11500000,8000000,15000000,1-4,1,4,"['Business Development & Partnerships', 'Attention to Detail', 'Business Development', 'Communication Skills', 'English Language', 'Communications', 'Sales & Marketing']",2021-12-19 03:43:24
310,Brand Activation Manager,Full-time,PT Wahana Semesta Ilmu,Lifestyle Businesses,Jakarta,Indonesia,30000000,25000000,35000000,4-7,4,7,"['Product Marketing', 'Marketing Strategy', 'Attention to Detail', 'Social Media Marketing', 'Branding', 'Content Marketing', 'Social Media Strategy', 'Social Media', 'Brand & Identity Design', 'Brand Management', 'Marketing Management', 'Marketing', 'English Language', 'Marketing Communications', 'Brand Design & Strategy']",2022-01-11 08:45:24
311,Account Manager Merchandiser (Bandung / Jakarta),Full-time,Evermos,Marketplaces (miscellaneous niche),"Bandung, Java",Indonesia,0,0,0,1-4,1,4,"['E-commerce', 'Business Development & Partnerships', 'Presentation Skills', 'Attention to Detail', 'Customer Service', 'Business Development', 'Analytical Skills', 'Communication Skills', 'Marketing', 'Marketing Communications', 'Negotiation', 'Sales & Marketing']",2021-11-25 03:45:16
312,Technical Support (Batam),Full-time,iSeller,Ecommerce seller tools and services,Batam Island,Indonesia,5000000,4000000,6000000,1-4,1,4,"['Support', 'Customer Experience', 'Technical Support']",2022-01-08 04:11:10
313,Marketing Executive (TataSkola),Full-time,Pintek,"Lending, loans, and credit",Jakarta,Indonesia,0,0,0,1-4,1,4,"['Marketing Strategy', 'Event Management', 'Event Planning', 'Market Research & Analysis', 'Events', 'Market Research', 'Marketing Management', 'Marketing', 'Marketing Communications', 'Sales & Marketing']",2021-11-29 03:14:07
314,Business Development (Batam),Full-time,iSeller,Ecommerce seller tools and services,Batam Island,Indonesia,7500000,5000000,10000000,1-4,1,4,"['Business Development & Partnerships', 'Business Development', 'Communication Skills', 'Marketing Communications', 'Sales & Marketing']",2021-11-22 01:41:25
315,Business Development Executive (Batam Area),Full-time,Zen Rooms,Hotels & Accomodation,Batam Island,Indonesia,6500000,4500000,8500000,1-4,1,4,"['Presentation Skills', 'Sales', 'Business Development', 'Communication Skills', 'Market Research', 'Negotiation']",2022-01-13 07:34:45
316,Senior System Administrator (Batam),Contract,InnoArk,Enterprise Software,Batam Island,Indonesia,15000000,12000000,18000000,4-7,4,7,"['VMware ESXi', 'Amazon Web Services (AWS)', 'VMware vSphere', 'Network Security', 'Cisco']",2022-01-13 03:03:56
317,Customer Success Manager (Batam),Full-time,iSeller,Ecommerce seller tools and services,Batam Island,Indonesia,0,0,0,1-4,1,4,"['Customer Experience', 'Customer Service', 'Customer Development', 'Customer Relationship Management']",2021-12-27 09:23:31
318,Customer Support Executive for IT Solution (Batam),Full-time,InnoArk,Enterprise Software,Batam Island,Indonesia,0,0,0,0-1,0,1,"['ITIL', 'Support', 'Jira', 'Microsoft']",2022-01-12 03:17:45
319,Project Manager Marketing,Full-time,Rata,Dental,Jakarta,Indonesia,0,0,0,1-4,1,4,"['Marketing Strategy', 'Digital Marketing', 'Marketing', 'Project Management']",2021-12-23 10:28:46
320,Branch Jr. Manager Bandung,Full-time,Rata,Dental,"Bandung, Java",Indonesia,5000000,0,10000000,1-4,1,4,"['Business Operations', 'People Management', 'Sales Strategy & Management', 'Customer Experience']",2021-12-23 07:43:15
321,Talent Management Intern,Internship,Rata,Dental,Jakarta,Indonesia,0,0,0,0-1,0,1,"['Human Resources', 'Analytics & Reporting', 'Microsoft Excel']",2021-12-22 10:08:44
322,Senior Fullstack Engineer,Full-time,Rata,Dental,Jakarta,Indonesia,0,0,0,4-7,4,7,"['Laravel', 'PHP', 'Java']",2021-12-14 02:17:50
323,Site Reliability Engineer,Full-time,Rata,Dental,Jakarta,Indonesia,0,0,0,1-4,1,4,"['Amazon Web Services (AWS)', 'Javascript', 'Java', 'Python', 'Ruby']",2021-12-08 09:28:49
324,Frontend Engineer,Full-time,Rata,Dental,Jakarta,Indonesia,0,0,0,1-4,1,4,"['React.js', 'Javascript', 'CSS', 'jQuery', 'Front-end Development']",2021-12-08 09:24:58
325,Scrum Master,Full-time,Rata,Dental,Jakarta,Indonesia,0,0,0,1-4,1,4,"['Product Strategy', 'Scrum Master', 'Product Management', 'Scrum', 'Agile Project Management']",2021-12-07 07:00:03
326,Admin Procurement Intern,Internship,Rata,Dental,Indonesia Bulk Terminal,Indonesia,0,0,0,0-1,0,1,"['Procurement', 'System Administration', 'Inventory']",2021-11-25 05:14:33
327,Sales and Marketing,Full-time,Batavianet (PT Ipro Solusi Canggih),Software,Cengkareng,Indonesia,5900000,4800000,7000000,1-4,1,4,"['Marketing Strategy', 'Sales Strategy & Management', 'Sales', 'Customer Service', 'Digital Marketing', 'Marketing Management', 'Marketing Communications', 'Sales & Marketing']",2021-11-22 02:55:13
328,IT Quality Assurance (Software Tester),Full-time,InnoArk,Enterprise Software,Batam Island,Indonesia,0,0,0,1-4,1,4,"['Test Plans', 'Test Automation', 'Usability Testing', 'Software Testing', 'Test Cases', 'Functional Testing', 'Regression Testing']",2022-01-11 08:35:49
